{"accuracy": 0.858, "roc_auc": 0.9360069044418842, "classification_report": {"Negative": {"precision": 0.8734177215189873, "recall": 0.8346774193548387, "f1-score": 0.8536082474226804, "support": 992.0}, "Positive": {"precision": 0.844106463878327, "recall": 0.8809523809523809, "f1-score": 0.8621359223300971, "support": 1008.0}, "accuracy": 0.858, "macro avg": {"precision": 0.8587620926986572, "recall": 0.8578149001536098, "f1-score": 0.8578720848763888, "support": 2000.0}, "weighted avg": {"precision": 0.8586448476680946, "recall": 0.858, "f1-score": 0.8579061955760183, "support": 2000.0}}, "confusion_matrix": [[828, 164], [120, 888]]}